-- MySQL dump 10.13  Distrib 8.0.29, for Win64 (x86_64)
--
-- Host: localhost    Database: haibazo_test
-- ------------------------------------------------------
-- Server version	8.0.29

/*!40101 SET @OLD_CHARACTER_SET_CLIENT=@@CHARACTER_SET_CLIENT */;
/*!40101 SET @OLD_CHARACTER_SET_RESULTS=@@CHARACTER_SET_RESULTS */;
/*!40101 SET @OLD_COLLATION_CONNECTION=@@COLLATION_CONNECTION */;
/*!50503 SET NAMES utf8 */;
/*!40103 SET @OLD_TIME_ZONE=@@TIME_ZONE */;
/*!40103 SET TIME_ZONE='+00:00' */;
/*!40014 SET @OLD_UNIQUE_CHECKS=@@UNIQUE_CHECKS, UNIQUE_CHECKS=0 */;
/*!40014 SET @OLD_FOREIGN_KEY_CHECKS=@@FOREIGN_KEY_CHECKS, FOREIGN_KEY_CHECKS=0 */;
/*!40101 SET @OLD_SQL_MODE=@@SQL_MODE, SQL_MODE='NO_AUTO_VALUE_ON_ZERO' */;
/*!40111 SET @OLD_SQL_NOTES=@@SQL_NOTES, SQL_NOTES=0 */;

--
-- Table structure for table `cart`
--

DROP TABLE IF EXISTS `cart`;
/*!40101 SET @saved_cs_client     = @@character_set_client */;
/*!50503 SET character_set_client = utf8mb4 */;
CREATE TABLE `cart` (
  `cart_id` bigint NOT NULL AUTO_INCREMENT,
  `quantity` int NOT NULL,
  `product_id` bigint NOT NULL,
  PRIMARY KEY (`cart_id`),
  KEY `FK3d704slv66tw6x5hmbm6p2x3u` (`product_id`),
  CONSTRAINT `FK3d704slv66tw6x5hmbm6p2x3u` FOREIGN KEY (`product_id`) REFERENCES `product` (`product_id`)
) ENGINE=InnoDB AUTO_INCREMENT=2 DEFAULT CHARSET=utf8mb4 COLLATE=utf8mb4_0900_ai_ci;
/*!40101 SET character_set_client = @saved_cs_client */;

--
-- Dumping data for table `cart`
--

LOCK TABLES `cart` WRITE;
/*!40000 ALTER TABLE `cart` DISABLE KEYS */;
INSERT INTO `cart` VALUES (1,3,2);
/*!40000 ALTER TABLE `cart` ENABLE KEYS */;
UNLOCK TABLES;

--
-- Table structure for table `category`
--

DROP TABLE IF EXISTS `category`;
/*!40101 SET @saved_cs_client     = @@character_set_client */;
/*!50503 SET character_set_client = utf8mb4 */;
CREATE TABLE `category` (
  `category_id` bigint NOT NULL AUTO_INCREMENT,
  `category_type` varchar(255) NOT NULL,
  `description` varchar(255) DEFAULT NULL,
  PRIMARY KEY (`category_id`)
) ENGINE=InnoDB AUTO_INCREMENT=5 DEFAULT CHARSET=utf8mb4 COLLATE=utf8mb4_0900_ai_ci;
/*!40101 SET character_set_client = @saved_cs_client */;

--
-- Dumping data for table `category`
--

LOCK TABLES `category` WRITE;
/*!40000 ALTER TABLE `category` DISABLE KEYS */;
INSERT INTO `category` VALUES (1,'Home & Decor','h a m'),(2,'Clothing','cl'),(3,'Accessories','acc'),(4,'Outdoor','od');
/*!40000 ALTER TABLE `category` ENABLE KEYS */;
UNLOCK TABLES;

--
-- Table structure for table `color`
--

DROP TABLE IF EXISTS `color`;
/*!40101 SET @saved_cs_client     = @@character_set_client */;
/*!50503 SET character_set_client = utf8mb4 */;
CREATE TABLE `color` (
  `color_id` bigint NOT NULL AUTO_INCREMENT,
  `color_type` varchar(255) NOT NULL,
  PRIMARY KEY (`color_id`)
) ENGINE=InnoDB AUTO_INCREMENT=5 DEFAULT CHARSET=utf8mb4 COLLATE=utf8mb4_0900_ai_ci;
/*!40101 SET character_set_client = @saved_cs_client */;

--
-- Dumping data for table `color`
--

LOCK TABLES `color` WRITE;
/*!40000 ALTER TABLE `color` DISABLE KEYS */;
INSERT INTO `color` VALUES (1,'Green'),(2,'Violet'),(3,'Red'),(4,'Black');
/*!40000 ALTER TABLE `color` ENABLE KEYS */;
UNLOCK TABLES;

--
-- Table structure for table `discount`
--

DROP TABLE IF EXISTS `discount`;
/*!40101 SET @saved_cs_client     = @@character_set_client */;
/*!50503 SET character_set_client = utf8mb4 */;
CREATE TABLE `discount` (
  `discount_id` bigint NOT NULL AUTO_INCREMENT,
  `discounted_price` decimal(38,2) NOT NULL,
  `expiry_date` datetime(6) NOT NULL,
  `product_id` bigint DEFAULT NULL,
  PRIMARY KEY (`discount_id`),
  UNIQUE KEY `UK2bfaxpmxf0iogx1e1ll3l1236` (`product_id`),
  CONSTRAINT `FK9qcsopl406ufumbitfi9u7jop` FOREIGN KEY (`product_id`) REFERENCES `product` (`product_id`)
) ENGINE=InnoDB AUTO_INCREMENT=3 DEFAULT CHARSET=utf8mb4 COLLATE=utf8mb4_0900_ai_ci;
/*!40101 SET character_set_client = @saved_cs_client */;

--
-- Dumping data for table `discount`
--

LOCK TABLES `discount` WRITE;
/*!40000 ALTER TABLE `discount` DISABLE KEYS */;
INSERT INTO `discount` VALUES (1,50.00,'2024-10-01 00:00:00.000000',1),(2,50.00,'2024-10-01 00:00:00.000000',2);
/*!40000 ALTER TABLE `discount` ENABLE KEYS */;
UNLOCK TABLES;

--
-- Table structure for table `inventory`
--

DROP TABLE IF EXISTS `inventory`;
/*!40101 SET @saved_cs_client     = @@character_set_client */;
/*!50503 SET character_set_client = utf8mb4 */;
CREATE TABLE `inventory` (
  `inventory_id` bigint NOT NULL AUTO_INCREMENT,
  `stock_quantity` int NOT NULL,
  `product_id` bigint DEFAULT NULL,
  PRIMARY KEY (`inventory_id`),
  UNIQUE KEY `UKce3rbi3bfstbvvyne34c1dvyv` (`product_id`),
  CONSTRAINT `FKp7gj4l80fx8v0uap3b2crjwp5` FOREIGN KEY (`product_id`) REFERENCES `product` (`product_id`)
) ENGINE=InnoDB AUTO_INCREMENT=3 DEFAULT CHARSET=utf8mb4 COLLATE=utf8mb4_0900_ai_ci;
/*!40101 SET character_set_client = @saved_cs_client */;

--
-- Dumping data for table `inventory`
--

LOCK TABLES `inventory` WRITE;
/*!40000 ALTER TABLE `inventory` DISABLE KEYS */;
INSERT INTO `inventory` VALUES (1,100,1),(2,100,2);
/*!40000 ALTER TABLE `inventory` ENABLE KEYS */;
UNLOCK TABLES;

--
-- Table structure for table `product`
--

DROP TABLE IF EXISTS `product`;
/*!40101 SET @saved_cs_client     = @@character_set_client */;
/*!50503 SET character_set_client = utf8mb4 */;
CREATE TABLE `product` (
  `product_id` bigint NOT NULL AUTO_INCREMENT,
  `name` varchar(255) DEFAULT NULL,
  `price` double NOT NULL,
  `category_id` bigint DEFAULT NULL,
  PRIMARY KEY (`product_id`),
  KEY `FK1mtsbur82frn64de7balymq9s` (`category_id`),
  CONSTRAINT `FK1mtsbur82frn64de7balymq9s` FOREIGN KEY (`category_id`) REFERENCES `category` (`category_id`)
) ENGINE=InnoDB AUTO_INCREMENT=3 DEFAULT CHARSET=utf8mb4 COLLATE=utf8mb4_0900_ai_ci;
/*!40101 SET character_set_client = @saved_cs_client */;

--
-- Dumping data for table `product`
--

LOCK TABLES `product` WRITE;
/*!40000 ALTER TABLE `product` DISABLE KEYS */;
INSERT INTO `product` VALUES (1,'ao',100,1),(2,'quan',100,1);
/*!40000 ALTER TABLE `product` ENABLE KEYS */;
UNLOCK TABLES;

--
-- Table structure for table `product_color`
--

DROP TABLE IF EXISTS `product_color`;
/*!40101 SET @saved_cs_client     = @@character_set_client */;
/*!50503 SET character_set_client = utf8mb4 */;
CREATE TABLE `product_color` (
  `product_id` bigint NOT NULL,
  `color_id` bigint NOT NULL,
  PRIMARY KEY (`product_id`,`color_id`),
  KEY `FK3iys6jgmsdkw7w5ncgm55wgj3` (`color_id`),
  CONSTRAINT `FK3iys6jgmsdkw7w5ncgm55wgj3` FOREIGN KEY (`color_id`) REFERENCES `color` (`color_id`),
  CONSTRAINT `FKqb6lncpndi0w5po3rr5r9up5e` FOREIGN KEY (`product_id`) REFERENCES `product` (`product_id`)
) ENGINE=InnoDB DEFAULT CHARSET=utf8mb4 COLLATE=utf8mb4_0900_ai_ci;
/*!40101 SET character_set_client = @saved_cs_client */;

--
-- Dumping data for table `product_color`
--

LOCK TABLES `product_color` WRITE;
/*!40000 ALTER TABLE `product_color` DISABLE KEYS */;
INSERT INTO `product_color` VALUES (1,1),(2,1),(1,2),(2,2),(1,3),(2,3),(1,4),(2,4);
/*!40000 ALTER TABLE `product_color` ENABLE KEYS */;
UNLOCK TABLES;

--
-- Table structure for table `product_image`
--

DROP TABLE IF EXISTS `product_image`;
/*!40101 SET @saved_cs_client     = @@character_set_client */;
/*!50503 SET character_set_client = utf8mb4 */;
CREATE TABLE `product_image` (
  `product_image_id` bigint NOT NULL AUTO_INCREMENT,
  `image_url` varchar(255) NOT NULL,
  `is_main_image` bit(1) NOT NULL,
  `product_id` bigint DEFAULT NULL,
  PRIMARY KEY (`product_image_id`),
  KEY `FK6oo0cvcdtb6qmwsga468uuukk` (`product_id`),
  CONSTRAINT `FK6oo0cvcdtb6qmwsga468uuukk` FOREIGN KEY (`product_id`) REFERENCES `product` (`product_id`)
) ENGINE=InnoDB AUTO_INCREMENT=5 DEFAULT CHARSET=utf8mb4 COLLATE=utf8mb4_0900_ai_ci;
/*!40101 SET character_set_client = @saved_cs_client */;

--
-- Dumping data for table `product_image`
--

LOCK TABLES `product_image` WRITE;
/*!40000 ALTER TABLE `product_image` DISABLE KEYS */;
INSERT INTO `product_image` VALUES (1,'abc0.com',_binary '',1),(2,'abc1.com',_binary '\0',1),(3,'def0.com',_binary '',2),(4,'def1.com',_binary '\0',2);
/*!40000 ALTER TABLE `product_image` ENABLE KEYS */;
UNLOCK TABLES;

--
-- Table structure for table `product_size`
--

DROP TABLE IF EXISTS `product_size`;
/*!40101 SET @saved_cs_client     = @@character_set_client */;
/*!50503 SET character_set_client = utf8mb4 */;
CREATE TABLE `product_size` (
  `product_id` bigint NOT NULL,
  `size_id` bigint NOT NULL,
  PRIMARY KEY (`product_id`,`size_id`),
  KEY `FKnlkh5xcjuopsnoimdvmumioia` (`size_id`),
  CONSTRAINT `FK8i3jm2ctt0lsyeik2wt76yvv0` FOREIGN KEY (`product_id`) REFERENCES `product` (`product_id`),
  CONSTRAINT `FKnlkh5xcjuopsnoimdvmumioia` FOREIGN KEY (`size_id`) REFERENCES `size` (`size_id`)
) ENGINE=InnoDB DEFAULT CHARSET=utf8mb4 COLLATE=utf8mb4_0900_ai_ci;
/*!40101 SET character_set_client = @saved_cs_client */;

--
-- Dumping data for table `product_size`
--

LOCK TABLES `product_size` WRITE;
/*!40000 ALTER TABLE `product_size` DISABLE KEYS */;
INSERT INTO `product_size` VALUES (1,1),(2,1),(1,2),(2,2),(1,3),(2,3),(1,4),(2,4),(1,5),(2,5),(1,6),(2,6);
/*!40000 ALTER TABLE `product_size` ENABLE KEYS */;
UNLOCK TABLES;

--
-- Table structure for table `product_style`
--

DROP TABLE IF EXISTS `product_style`;
/*!40101 SET @saved_cs_client     = @@character_set_client */;
/*!50503 SET character_set_client = utf8mb4 */;
CREATE TABLE `product_style` (
  `product_id` bigint NOT NULL,
  `style_id` bigint NOT NULL,
  PRIMARY KEY (`product_id`,`style_id`),
  KEY `FKnpqv53214mu4wuukjhfjw2rbu` (`style_id`),
  CONSTRAINT `FKke5elqdgxt3ou3aevi7fmj1un` FOREIGN KEY (`product_id`) REFERENCES `product` (`product_id`),
  CONSTRAINT `FKnpqv53214mu4wuukjhfjw2rbu` FOREIGN KEY (`style_id`) REFERENCES `style` (`style_id`)
) ENGINE=InnoDB DEFAULT CHARSET=utf8mb4 COLLATE=utf8mb4_0900_ai_ci;
/*!40101 SET character_set_client = @saved_cs_client */;

--
-- Dumping data for table `product_style`
--

LOCK TABLES `product_style` WRITE;
/*!40000 ALTER TABLE `product_style` DISABLE KEYS */;
INSERT INTO `product_style` VALUES (1,1),(2,1),(1,2),(2,2),(1,3),(2,3),(1,4),(2,4),(1,5),(2,5),(1,6),(2,6);
/*!40000 ALTER TABLE `product_style` ENABLE KEYS */;
UNLOCK TABLES;

--
-- Table structure for table `review`
--

DROP TABLE IF EXISTS `review`;
/*!40101 SET @saved_cs_client     = @@character_set_client */;
/*!50503 SET character_set_client = utf8mb4 */;
CREATE TABLE `review` (
  `review_id` bigint NOT NULL AUTO_INCREMENT,
  `comment` varchar(255) NOT NULL,
  `create_at` datetime(6) NOT NULL,
  `rating` int NOT NULL,
  `product_id` bigint DEFAULT NULL,
  PRIMARY KEY (`review_id`),
  KEY `FKiyof1sindb9qiqr9o8npj8klt` (`product_id`),
  CONSTRAINT `FKiyof1sindb9qiqr9o8npj8klt` FOREIGN KEY (`product_id`) REFERENCES `product` (`product_id`)
) ENGINE=InnoDB AUTO_INCREMENT=6 DEFAULT CHARSET=utf8mb4 COLLATE=utf8mb4_0900_ai_ci;
/*!40101 SET character_set_client = @saved_cs_client */;

--
-- Dumping data for table `review`
--

LOCK TABLES `review` WRITE;
/*!40000 ALTER TABLE `review` DISABLE KEYS */;
INSERT INTO `review` VALUES (2,'áo xấu','2024-09-29 00:00:00.000000',1,1),(3,'quần đẹp ','2024-09-30 00:00:00.000000',5,2),(4,'quần xấu','2024-09-30 00:00:00.000000',1,2),(5,'Đồ quá đẹp','2024-09-30 00:00:00.000000',5,2);
/*!40000 ALTER TABLE `review` ENABLE KEYS */;
UNLOCK TABLES;

--
-- Table structure for table `size`
--

DROP TABLE IF EXISTS `size`;
/*!40101 SET @saved_cs_client     = @@character_set_client */;
/*!50503 SET character_set_client = utf8mb4 */;
CREATE TABLE `size` (
  `size_id` bigint NOT NULL AUTO_INCREMENT,
  `size_type` varchar(255) NOT NULL,
  PRIMARY KEY (`size_id`)
) ENGINE=InnoDB AUTO_INCREMENT=7 DEFAULT CHARSET=utf8mb4 COLLATE=utf8mb4_0900_ai_ci;
/*!40101 SET character_set_client = @saved_cs_client */;

--
-- Dumping data for table `size`
--

LOCK TABLES `size` WRITE;
/*!40000 ALTER TABLE `size` DISABLE KEYS */;
INSERT INTO `size` VALUES (1,'S'),(2,'M'),(3,'L'),(4,'XL'),(5,'One Size'),(6,'Custom');
/*!40000 ALTER TABLE `size` ENABLE KEYS */;
UNLOCK TABLES;

--
-- Table structure for table `style`
--

DROP TABLE IF EXISTS `style`;
/*!40101 SET @saved_cs_client     = @@character_set_client */;
/*!50503 SET character_set_client = utf8mb4 */;
CREATE TABLE `style` (
  `style_id` bigint NOT NULL AUTO_INCREMENT,
  `description` varchar(255) DEFAULT NULL,
  `style_type` varchar(255) NOT NULL,
  PRIMARY KEY (`style_id`)
) ENGINE=InnoDB AUTO_INCREMENT=7 DEFAULT CHARSET=utf8mb4 COLLATE=utf8mb4_0900_ai_ci;
/*!40101 SET character_set_client = @saved_cs_client */;

--
-- Dumping data for table `style`
--

LOCK TABLES `style` WRITE;
/*!40000 ALTER TABLE `style` DISABLE KEYS */;
INSERT INTO `style` VALUES (1,'Modern','hđ'),(2,'Streetwear','đp'),(3,'Colorful','đs'),(4,'Patchwork','cv'),(5,'Bomhemian','Bm'),(6,'Vintage','vt');
/*!40000 ALTER TABLE `style` ENABLE KEYS */;
UNLOCK TABLES;
/*!40103 SET TIME_ZONE=@OLD_TIME_ZONE */;

/*!40101 SET SQL_MODE=@OLD_SQL_MODE */;
/*!40014 SET FOREIGN_KEY_CHECKS=@OLD_FOREIGN_KEY_CHECKS */;
/*!40014 SET UNIQUE_CHECKS=@OLD_UNIQUE_CHECKS */;
/*!40101 SET CHARACTER_SET_CLIENT=@OLD_CHARACTER_SET_CLIENT */;
/*!40101 SET CHARACTER_SET_RESULTS=@OLD_CHARACTER_SET_RESULTS */;
/*!40101 SET COLLATION_CONNECTION=@OLD_COLLATION_CONNECTION */;
/*!40111 SET SQL_NOTES=@OLD_SQL_NOTES */;

-- Dump completed on 2024-10-01  1:43:33
